Project ID;Country
1;Equateur
2;France
3;Liban
4;Egypte
5;Afrique du Sud
6;Albanie
7;Hollande
8;Allemagne
9;Belgique
10;Benin
11;Italie
12;Hongrie
13;France
14;Croatie
15;Burkina Faso
16;Cote d'Ivoire
17;Espagne
18;Gabon
19;Republique Chèque
20;Colombie
21;Estonie
22;Bresil
23;Suisse
24;Ukraine
25;Togo
26;Allemagne
27;La Reunion
28;Russie
29;Belgique
30;Canada
31;Norvege
32;Turquie
33;Malte
34;Israel
35;Norvege
36;Portugal
37;Pologne
38;Grece
39;Danemark
40;Senegal
41;Slovaquie
42;Lituanie
43;Luxembourg
44;Jordanie
45;Gambie
46;Macedoine
47;Niger
48;Slovenie
49;Ile Maurice
50;Serbie
51;Suede
52;France
53;Belgique
54;Hollande
55;Luxembourg
56;Italie
57;Japon
58;Espagne
59;Hongrie
60;Pologne
61;Republique Chèque
62;Slovaquie
63;Allemagne
64;Serbie
65;Croatie
66;Slovenie
67;Macedoine
68;Albanie
69;Chine
70;Malte
71;Turquie
72;Grece
73;Portugal
74;Ukraine
75;Russie
76;Bielorussie
77;Lituanie
78;Estonie
79;Suede
80;Danemark
81;Norvege
82;Suisse
83;Cote d'Ivoire
84;Chine
85;Afrique du Sud
86;France
87;Serbie
88;Turquie
89;Grece
90;Afrique du Sud
91;Canada
92;Pologne
93;Danemark
94;Israel
95;Japon
96;Chine
97;Japon
98;Japon
99;Indonesie
100;Malaysie
101;Chine
102;Ile Maurice
103;La Reunion
104;Bielorussie
